{
  "Author": "TBD",
  "Name": "XIV Submarines Rewrite",
  "InternalName": "XIVSubmarinesRewrite",
  "Punchline": "Next-generation submarine workshop tools (WIP)",
  "Description": "Work-in-progress rewrite of the XIV Submarines plugin for Dalamud.",
  "ApplicableVersion": "any",
  "DalamudApiLevel": 13,
  "Tags": [
    "rewrite",
    "wip"
  ],
  "RepoUrl": "https://github.com/mona-ty/XIVSubmarinesRewrite",
  "IconUrl": "https://raw.githubusercontent.com/mona-ty/XIVSubmarinesRewrite/master/icon.png",
  "ImageUrls": [
    "https://raw.githubusercontent.com/mona-ty/XIVSubmarinesRewrite/master/icon.png"
  ],
  "Changelog": "1.1.4: ForceNotify immediate batching now waits for all four submarines before sending.",
  "AssemblyVersion": "1.1.4"
}
